<?xml version="1.0" encoding="UTF-8"?>
<!DOCTYPE mapper
    PUBLIC "-//mybatis.org//DTD Mapper 3.0//EN"
    "http://mybatis.org/dtd/mybatis-3-mapper.dtd">
<mapper namespace="com.goodee.dao.DAO">
	<select id="selectlist1" resultType="VO">
		select id, title, owner, create_date from bbs
	</select>
	
	<select id="selectlist2" resultType="VO">
		select id, title, owner, create_date from bbs order by id DESC
	</select>
	
	<select id="selectlist3" resultType="VO">
		select id, title, owner, create_date from bbs order by create_date DESC
	</select>
	
	<select id="selectlist6" resultType="VO">
		select id, title, owner, DATE_FORMAT(create_date, '%Y-%m-%d') create_date from bbs order by create_date DESC
	</select>
	
	<select id="selectlist7" resultType="VO">
		select id, title, owner, DATE_FORMAT(create_date, '%Y-%m-%d') create_date, DATE_FORMAT(create_date, '%T') create_time from bbs order by create_date DESC
	</select>
	<select id="selectlist8" resultType="VO">
		select id, title, owner, DATE_FORMAT(create_date, '%Y-%m-%d') create_date from bbs order by create_date DESC
	</select>
	<select id="selectlist9" resultType="VO">
		select id, title, owner, DATE_FORMAT(create_date, '%Y-%m-%d') create_date, (select count(*) from bbs) count from bbs order by create_date DESC limit 14
	</select>
	<insert id="insert1" parameterType="list">
		insert into bbs(title, owner, content, category) values
		<foreach item="vo" collection="list" separator="," >
			(#{vo.title}, #{vo.owner}, #{vo.content}, #{vo.category})
		</foreach>
	</insert>
	
</mapper>