<?xml version="1.0" encoding="UTF-8"?>
<!DOCTYPE mapper
    PUBLIC "-//mybatis.org//DTD Mapper 3.0//EN"
    "http://mybatis.org/dtd/mybatis-3-mapper.dtd">
    
 <mapper namespace="com.goodee.dao.DAO">
 	<select id="selectlist1" resultType="VO">
		select id, category, title, owner, create_date from bbs
	</select>
	
	<select id="selectlist2" parameterType="VO" resultType="VO">
		select id, category, title, owner, create_date from bbs
		<where>
			<if test="category != null">
				and category=#{category}
			</if>
		</where>
	</select>
	
	<select id="selectlist3" parameterType="String" resultType="VO">
		select id, category, title, owner, create_date from bbs
		<where>
			<if test="create_date != null">
				and MONTH(create_date)%2=#{create}
			</if>
		</where>
	</select>
	
	<select id="selectlist4" parameterType="String" resultType="VO">
		select id, category, title, owner, create_date from bbs
		<where>
			<if test="start != null"> <!-- 원래 test는 VO의 필드명 -->
				and MONTH(create_date) between #{start} and #{end}
			</if>
		</where>
	</select>
	
	<select id="selectlist5" parameterType="list" resultType="VO">
		select id, category, title, owner, create_date from bbs
		<!-- <where> <if> 써보기 -->
		where MONTH(create_date) in
		<foreach item="month" collection="list" open="(" close=")" separator=",">
			#{month}
		</foreach>
	</select>
	
 </mapper>