<?xml version="1.0" encoding="UTF-8"?>
<!DOCTYPE mapper
    PUBLIC "-//mybatis.org//DTD Mapper 3.0//EN"
    "http://mybatis.org/dtd/mybatis-3-mapper.dtd">

<mapper namespace="bbs">
	<select id="selectlist1" resultType="VO1">
		select id, title, owner, create_date from bbs
	</select>
	
	<select id="selectlist2" resultType="VO1">
		select id, title, owner, create_date from bbs order by id DESC
	</select>
	
	<select id="selectlist3" resultType="VO1">
		select id, title, owner, create_date from bbs order by create_date DESC
	</select>
	
	<select id="selectlist6" resultType="VO1">
		select id, title, owner, DATE_FORMAT(create_date, '%Y-%m-%d') create_date from bbs order by create_date DESC
	</select>
	
	<select id="selectlist7" resultType="VO2">
		select id, title, owner, DATE_FORMAT(create_date, '%Y-%m-%d') create_date, DATE_FORMAT(create_date, '%T') create_time from bbs order by create_date DESC
	</select>
	<select id="selectlist8" resultType="VO2">
		select id, title, owner, DATE_FORMAT(create_date, '%Y-%m-%d') create_date from bbs order by create_date DESC
	</select>
	<select id="selectlist9" resultType="VO2">
		select id, title, owner, DATE_FORMAT(create_date, '%Y-%m-%d') create_date, (select count(*) from bbs) count from bbs order by create_date DESC limit 14
	</select>
</mapper>